{
  "project_info": {
    "project_number": "656114905619",
    "project_id": "otplogin-fd54b",
    "storage_bucket": "otplogin-fd54b.appspot.com"
  },
  "client": [
    {
      "client_info": {
        "mobilesdk_app_id": "1:656114905619:android:e03db465d2b8bb4ec545e6",
        "android_client_info": {
          "package_name": "com.rishi.otplogin"
        }
      },
      "oauth_client": [
        {
          "client_id": "656114905619-oordup12g810fkejuovffasa795ou6nr.apps.googleusercontent.com",
          "client_type": 3
        }
      ],
      "api_key": [
        {
          "current_key": "AIzaSyDxHjPd2ttSC5JsR_xopAM7m_tnomqMUUU"
        }
      ],
      "services": {
        "appinvite_service": {
          "other_platform_oauth_client": [
            {
              "client_id": "656114905619-oordup12g810fkejuovffasa795ou6nr.apps.googleusercontent.com",
              "client_type": 3
            }
          ]
        }
      }
    }
  ],
  "configuration_version": "1"
}